,Nombre Entidad,Descripcion del Proceso,Tipo de Contrato,Género Representante Legal,Valor real,Valor Proyectado,Duración del contrato,Tamaño valor extraño,veces la predicción,URLProceso,similarity
767259,ALCALDIA DISTRITAL BARRANCABERMEJA,PRESTAR SUS SERVICIOS DE APOYO A LA GESTIÓN PARA APOYAR EN LA COORDINACION DE LA VALIDACION DE LA INFORMACION SUMINISTRADA A LOS MEDIOS DE RADIO;PRENSA Y TELEVISION DESDE LA OFICINA ASESORA DE PRENSA;COMUNICACIONES Y PROTOCOLO;EN MARCO DEL PROYECTO IMPLEMENTACIÓN DE LA ESTRATEGIA DE COMUNICACIÓN DEL,Prestación de servicios,Mujer,9.999999999999998,35.38691468252809,4 Mes(es),-2.538691468252809,0.28259033288757984,https://community.secop.gov.co/Public/Tendering/OpportunityDetail/Index?noticeUID=CO1.NTC.5653099&isFromPublicArea=True&isModal=true&asPopupView=true,0.31352105736732483
774830,MUNICIPIO DE CAREPA,FORTALECIMIENTO A LA GESTIÓN PARA LA EMISIÓN POR RADIO DE ESPACIOS NOTICIOSO; CUÑAS; MENSAJES INSTITUCIONALES DIFUSIÓN DE COMUNICACIONES AVISOS Y ENTREVISTAS QUE PERMITAN LA PUBLICIDAD INSTITUCIONAL DE ACTIVIDADES Y PROGRAMAS DE LA ADMINISTRACIÓN MUNICIPAL DE CAREPA DIVULGACIÓN DE REQUERIMIENTOS EDI,Prestación de servicios,Mujer,7.200000000000001,25.47163765138018,3 Mes(es),-2.5377274515805803,0.2826673376303258,https://community.secop.gov.co/Public/Tendering/OpportunityDetail/Index?noticeUID=CO1.NTC.6745065&isFromPublicArea=True&isModal=true&asPopupView=true,0.3386918306350708
625484,EMPRESA DISTRIBUIDORA DEL PACIFICO S.A. E.S.P,Prestación de servicios de apoyo a la gestión de la empresa mediante la emisión de cuñas y la publicidad de audios; videos; imágenes; flyer y piezas gráficas en las plataformas digitales que conforman MANDUCO MEDIA GROUP; sobre los contenidos estratégicos; informativos y pedagógicos de la empresa DI,Prestación de servicios,Hombre,8.799999999999999,30.926731514909882,314 Dia(s),-2.5144013085124874,0.2845434861345593,https://community.secop.gov.co/Public/Tendering/OpportunityDetail/Index?noticeUID=CO1.NTC.5673129&isFromPublicArea=True&isModal=true&asPopupView=true,0.339891642332077
575201,ÁREA METROPOLITANA DE BARRANQUILLA,Prestación de servicios profesionales; para brindar acompañamiento en la comunicación; divulgación y publicación de contenidos comunicativos del Área Metropolitana de Barranquilla dirigido a los públicos de interés,Prestación de servicios,Mujer,11.999999999999998,42.048703319408666,6 Mes(es),-2.5040586099507225,0.2853833543652008,https://community.secop.gov.co/Public/Tendering/OpportunityDetail/Index?noticeUID=CO1.NTC.6086455&isFromPublicArea=True&isModal=true&asPopupView=true,0.32284072041511536
363244,EMPRESA DE SERVICIOS PÚBLICOS DE FUSAGASUGÁ,SERVICIOS PUBLICITARIOS PARA LA PROMOCIÓN Y DIVULGACIÓN DE LA IMAGEN CORPORATIVA; INFORMACIÓN DE INTERÉS Y BOLETINES DE PRENSA EN UN PORTAL WEB QUE OFREZCA RADIO; TRANSMISIONES EN VIVO Y MULTIPLIQUE LA INFORMACIÓN; DANDO A CONOCER EN TIEMPO REAL LAS ACTIVIDADES Y PROCESOS QUE SE ADELANTAN EN EMSERFU,Decreto 092 de 2017,Hombre,4.2,14.697881638219117,6 Mes(es),-2.4994956281474083,0.2857554648609143,https://community.secop.gov.co/Public/Tendering/OpportunityDetail/Index?noticeUID=CO1.NTC.6517731&isFromPublicArea=True&isModal=true&asPopupView=true,0.3646436929702759
840997,MUNICIPIO DE SAN JOSE DE CUCUTA,2024R-2202 PRESTAR SERVICIOS PROFESIONALES COMO COMUNICADORA SOCIAL EN EL AREA DE COMUNICACION SOCIAL PARA APOYAR Y FORTALECER EL DESARROLLO DE MATERIAL AUDIVISUAL; EMPLEANDO HERRAMIENTAS DE VIDEO PARA EL CUMBRIMIENTO PERIODÍSTICO Y POSICIONAMIENTO DE LA ENTIDAD COMO FUENTE DE INFORMACIÓN ANTE LA OP,Prestación de servicios,Mujer,5.333333000000002,18.544321727612513,50 Dia(s),-2.4770605412436284,0.2875992488880661,https://community.secop.gov.co/Public/Tendering/OpportunityDetail/Index?noticeUID=CO1.NTC.7013687&isFromPublicArea=True&isModal=true&asPopupView=true,0.3147927522659302
23725,LOTERIA DE BOYCA,COMPRA DE ESPACIO PUBLICITARIO PARA LA DIFUSIÓN DE VIDEOS PUBLICITARIOS; DE LOS PRODUCTOS Y/O CAMPAÑAS PUBLICITARIAS DE LA LOTERÍA DE BOYACÁ DEL AÑO 2024; EN EL MAGAZIN ACTUALIDAD DEL CANAL TVO BOYACA DE MEGANET TELEVISIÓN,Prestación de servicios,Hombre,9.999999999999998,34.21915587876996,5 Mes(es),-2.4219155878769967,0.2922339766482708,https://community.secop.gov.co/Public/Tendering/OpportunityDetail/Index?noticeUID=CO1.NTC.6129839&isFromPublicArea=True&isModal=true&asPopupView=true,0.39650195837020874
374588,FONDO FINANCIERO DISTRITAL DE SALUD.,Prestar servicios profesionales especializados a la Dirección de participación social; gestión territorial y transectorialidad en la preproducción; producción y postproducción de productos audiovisuales dirigidos a medios de comunicación y digitales que permitan dar a conocer los resultados de la,Prestación de servicios,Hombre,19.829841000000002,67.39140640562718,95 Dia(s),-2.3984844561097174,0.2942488079362031,https://community.secop.gov.co/Public/Tendering/OpportunityDetail/Index?noticeUID=CO1.NTC.6769862&isFromPublicArea=True&isModal=true&asPopupView=true,0.32944172620773315
380224,INSTITUTO COLOMBIANO AGROPECUARIO - ICA,"LOS SERVICIOS DE MONITOREO DE PRENSA; RADIO; TELEVISIÓN; 
INTERNET Y REDES SOCIALES; REVISTAS Y MEDIOS ESPECIALIZADOS DEL 
SECTOR AGROPECUARIO; CON COBERTURA EN LOS PRINCIPALES MEDIOS 
NACIONALES; REGIONALES Y COMUNITARIOS Y SUS FRANJAS DE 
PROGRAMACIÓN ESPECIALIZADA",Prestación de servicios,Hombre,16.598,56.35057643271908,125 Dia(s),-2.3950220769200556,0.294548894629632,https://community.secop.gov.co/Public/Tendering/OpportunityDetail/Index?noticeUID=CO1.NTC.6493908&isFromPublicArea=True&isModal=true&asPopupView=true,0.3636752665042877
22551,GOBERNACIÓN DE RISARALDA,"PRESTACIÓN DE SERVICIOS DE APOYO PARA LA DIVULGACION Y PROMOCION DEL CARTEL DE LOS MAS BUSCADOS Y LAS DIFERENTES
ESTRATEGIAS DEL PISCC (2024 2027) SEGURIDAD EQUITATIVA E INCLUSIVA; A TRAVÉS DE
PUBLICACIONES EN MEDIOS MASIVOS DE COMUNICACIÓN RADIALES; TELEVISIVOS DE
PRENSA Y DIGITALES CON AMPLIA COBE",Prestación de servicios,Mujer,11.999999999999998,40.61096766068691,60 Dia(s),-2.384247305057243,0.2954866798610291,https://community.secop.gov.co/Public/Tendering/OpportunityDetail/Index?noticeUID=CO1.NTC.6850866&isFromPublicArea=True&isModal=true&asPopupView=true,0.3433542847633362
711740,GOBERNACIÓN DE RISARALDA,"PRESTACIÓN DE SERVICIOS DE APOYO PARA LA DIVULGACION Y PROMOCION DEL CARTEL DE LOS MAS BUSCADOS Y LAS DIFERENTES
ESTRATEGIAS DEL PISCC (2024 2027) SEGURIDAD EQUITATIVA E INCLUSIVA; A TRAVÉS DE
PUBLICACIONES EN MEDIOS MASIVOS DE COMUNICACIÓN RADIALES; TELEVISIVOS DE
PRENSA Y DIGITALES CON AMPLIA COBE",Prestación de servicios,Hombre,11.999999999999998,40.61096766068691,60 Dia(s),-2.384247305057243,0.2954866798610291,https://community.secop.gov.co/Public/Tendering/OpportunityDetail/Index?noticeUID=CO1.NTC.6853486&isFromPublicArea=True&isModal=true&asPopupView=true,0.3433542847633362
53607,TRANSCARIBE S.A.,Contratar la prestación de servicios profesionales de un publicista que apoye al ente gestor en la implementación del programa de comunicación e información pública; a través de redes sociales y/o medios digitales de acuerdo a las necesidades de la gestión social del sistema de conformidad con la me,Prestación de servicios,Mujer,7.4,25.016638788041096,2 Mes(es),-2.3806268632487964,0.2958031277782002,https://community.secop.gov.co/Public/Tendering/OpportunityDetail/Index?noticeUID=CO1.NTC.5398209&isFromPublicArea=True&isModal=true&asPopupView=true,0.3255145847797394
27252,ALCALDÍA DE POPAYÁN,PRESTAR SERVICIOS PROFESIONALES ESPECIALIZADOS PARA APOYAR LA COORDINACIÓN DE LA ESTRATEGIA AUDIVISUAL EN LA OFICINA DE PRENSA Y COMUNICACIONES DE LA ALCALDIA DE POPAYÁN,Prestación de servicios,Hombre,14.0,47.31413401017364,86 Dia(s),-2.3795810007266884,0.2958946685358264,https://community.secop.gov.co/Public/Tendering/OpportunityDetail/Index?noticeUID=CO1.NTC.5851245&isFromPublicArea=True&isModal=true&asPopupView=true,0.33426958322525024
692808,RADIO TELEVISION NACIONAL DE COLOMBIA.,EL CONTRATISTA SE OBLIGA CON RTVC A PRESTAR LOS SERVICIOS PARA REALIZAR ACTIVIDADES DE PERIODISMO SEO; CONSTRUCCIÓN; EDICIÓN Y POSICIONAMIENTO DE CONTENIDOS PARA LAS PLATAFORMAS DIGITALES DE RTVC SISTEMA DE MEDIOS PÚBLICOS Y SUS MARCAS,Prestación de servicios,Mujer,14.812499999999996,50.054305136305466,75 Dia(s),-2.379193595699948,0.29592859115041775,https://community.secop.gov.co/Public/Tendering/OpportunityDetail/Index?noticeUID=CO1.NTC.6880958&isFromPublicArea=True&isModal=true&asPopupView=true,0.3004140257835388
621370,LOTERIA DE BOYCA,ESPACIO PUBLICITARIO EN LA REVISTA HECHOS DE SUGAMUXI PARA PUBLICITARLOS PRODUCTOS Y/O CAMPAÑAS PUBLICITARIAS DE LA LOTERÍA DE BOYACÁ DEL AÑO 2024.,Prestación de servicios,No Definido,9.999999999999998,33.69951541040797,5 Mes(es),-2.3699515410407974,0.2967401720237062,https://community.secop.gov.co/Public/Tendering/OpportunityDetail/Index?noticeUID=CO1.NTC.6019139&isFromPublicArea=True&isModal=true&asPopupView=true,0.3755946457386017
196516,ALCALDÍA DE POPAYÁN,"PRESTAR SERVICIOS PROFESONALES PARA APOYAR EN PRODUCCIÓN Y POSTPRODUCCIÓN DE
PRODUCTOS MULTIMEDIA Y CONTENIDOS INFORMATIVOS; EN CONCORDANCIA CON LA
ESTRATEGIA DE COMUNICACIÓN DE LA OFICINA DE PRENSA.",Prestación de servicios,Hombre,12.400000000000002,41.692619528963206,85 Dia(s),-2.3623080265292904,0.29741474966296894,https://community.secop.gov.co/Public/Tendering/OpportunityDetail/Index?noticeUID=CO1.NTC.5849713&isFromPublicArea=True&isModal=true&asPopupView=true,0.33246713876724243
575850,CORPORACION AUTONOMA REGIONAL DE SANTANDER+,"PRESTAR LOS SERVICIOS COMO TECNÓLOGO EN
PRODUCCIÓN DE MEDIOS AUDIOVISUALES PARA APOYAR EL PROCESO DE
PRODUCCIÓN DE INFORMACION AUDIOVISUAL DE ACUERDO A LAS DIRECTRICES EMANADAS DE LA ESTRATEGIA DE COMUNICACIÓN PARA LA VIGENCIA 2024.",Prestación de servicios,Hombre,10.645149,35.56137985615292,90 Dia(s),-2.3406183282312836,0.2993457802554349,https://community.secop.gov.co/Public/Tendering/OpportunityDetail/Index?noticeUID=CO1.NTC.6769500&isFromPublicArea=True&isModal=true&asPopupView=true,0.3002064824104309
839183,LOTERIA DE BOYCA,COMPRA DE ESPACIO PUBLICITARIO PARA LA DIFUSIÓN DE CUÑAS RADIALES; DE LOS PRODUCTOS Y/O CAMPAÑAS PUBLICITARIAS DE LA LOTERÍA DE BOYACÁ DEL AÑO 2024; EN LA CADENA RADIAL EMISORA RADIO MILAGRO 98.6 FM.; NOTICIERO ULTIMA HORA NOTICIAS.,Prestación de servicios,No Definido,9.999999999999998,33.38839639876778,5 Mes(es),-2.338839639876779,0.2995052496851587,https://community.secop.gov.co/Public/Tendering/OpportunityDetail/Index?noticeUID=CO1.NTC.5941344&isFromPublicArea=True&isModal=true&asPopupView=true,0.37886521220207214
115078,MUNICIPIO DE ARMENIA QUINDIO,CONTRATAR SERVICIOS PROFESIONALES PARA REALIZAR ACOMPAÑAMIENTO A LA PRODUCCION DE CONTENIDOS AUDIOVISUALES DE MEDIOS INSTITUCIONALES; CREACION DE CAMPAÑAS PUBLICITARIAS EN ESPACIOS FISICOS; EN MEDIOS Y REDES SOCIALES INSTITUCIONALES DEL MUNICIPIO DE ARMENIA,Prestación de servicios,Mujer,7.5,24.98432675551885,90 Dia(s),-2.3312435674025136,0.30018819692002735,https://community.secop.gov.co/Public/Tendering/OpportunityDetail/Index?noticeUID=CO1.NTC.6168333&isFromPublicArea=True&isModal=true&asPopupView=true,0.3622494637966156
793876,GOBERNACIÓN DEL DEPARTAMENTO ARCHIPIELAGO DE SAN ANDRES PROVIDENCIA Y SANTA CATALINA,PRESTAR SUS SERVICIOS PROFESIONAL EN PUBLICIDAD EN LA COMUNICADOR SOCIAL DE LA OFICINA DE PRENSA Y COMUNICACIONES DE LA GOBERNACIÓN DEPARTAMENTAL.,Prestación de servicios,Hombre,8.563190000000002,28.523148897020558,2 Mes(es),-2.3309022568716276,0.30021895657160375,https://community.secop.gov.co/Public/Tendering/OpportunityDetail/Index?noticeUID=CO1.NTC.6950375&isFromPublicArea=True&isModal=true&asPopupView=true,0.36415255069732666
336799,ALCALDIA DISTRITAL BARRANCABERMEJA,PRESTACION DE SERVICIOS PROFESIONALES COMO COMUNICADOR SOCIAL ESPECIALISTA PARA APOYAR EN LA REVISIÓN Y APROBACIÓN DE LOS PRODUCTOS COMUNICATIVOS DE LA OFICINA ASESORA DE PRENSA; COMUNICACIONES Y PROTOCOLO DE LA ALCALDIA DISTRITAL DE BARRANCABERMEJA,Prestación de servicios,Mujer,11.999999999999998,39.92988157566188,2 Mes(es),-2.327490131305157,0.3005268116626285,https://community.secop.gov.co/Public/Tendering/OpportunityDetail/Index?noticeUID=CO1.NTC.6261669&isFromPublicArea=True&isModal=true&asPopupView=true,0.3078116774559021
663657,LOTERIA DE BOYCA,ESPACIO PUBLICITARIO EN EL FESTIVAL FOLCLÓRICO ESTUDIANTIL ALCARAVÁN DE ORO; A FIN DE REALIZAR LA PUBLICIDAD DE LOS PRODUCTOS Y/O CAMPAÑAS DE LA LOTERÍA DE BOYACÁ EN CUÑAS RADIALES Y REDES SOCIALES; EN PAUTO NOTICIAS Y CAPORAL STEREO,Prestación de servicios,Hombre,7.5,24.811039199630734,5 Mes(es),-2.3081385599507644,0.3022847991031195,https://community.secop.gov.co/Public/Tendering/OpportunityDetail/Index?noticeUID=CO1.NTC.6057499&isFromPublicArea=True&isModal=true&asPopupView=true,0.40186023712158203
44794,LOTERIA DE BOYCA,"ESPACIO PUBLICITARIO TRAVÉS DEL MEDIO DE COMUNICACIÓN RADIAL; EMISORA REINA DE COLOMBIA 
92.6 FM EMISORA DEL SANTUARIO MARIANO NACIONAL; EMISORA SAN MIGUEL ESTÉREO 96.6 FM Y REDES SOCIALES DE LAS MISMAS; PARA PROMOCIONAR LOS PRODUCTOS Y/O CAMPAÑAS PUBLICITARIAS DE LA LOTERÍA DE BOYACÁ AÑO 2024",Prestación de servicios,Hombre,9.999999999999998,32.65916444800742,5 Mes(es),-2.2659164448007423,0.30619276913589605,https://community.secop.gov.co/Public/Tendering/OpportunityDetail/Index?noticeUID=CO1.NTC.6159402&isFromPublicArea=True&isModal=true&asPopupView=true,0.34327131509780884
848198,LOTERIA DE BOYCA,"ESPACIO PUBLICITARIO A TRAVÉS DEL MEDIO DE COMUNICACIÓN DIGITAL PERIODICO 
RENOVACIONINTERNACIONAL.COM PARA PROMOCIONAR LOS PRODUCTOS Y/O CAMPAÑAS PUBLICITARIAS DE LALOTERIA DE BOYACÁ AÑO 2024",Prestación de servicios,No Definido,6.999999999999997,22.785382885472423,5 Mes(es),-2.255054697924633,0.3072144995405401,https://community.secop.gov.co/Public/Tendering/OpportunityDetail/Index?noticeUID=CO1.NTC.6140029&isFromPublicArea=True&isModal=true&asPopupView=true,0.473463773727417
3195,MUNICIPIO DE NEIVA,PRESTAR LOS SERVICIOS DE APOYO A LA GESTION A LA OFICINA DE COMUNICACIONES EN LA PRODUCCION Y EDICION DE MATERIAL AUDIOVISUAL REQUERIDO PARA LA DIVULGACIÓN EN LOS MEDIOS DE COMUNICACIÓN TRADICIONALES Y DIGITALES,Prestación de servicios,Hombre,6.999999999999997,22.742122230162543,2 Mes(es),-2.248874604308936,0.30779889093709994,https://community.secop.gov.co/Public/Tendering/OpportunityDetail/Index?noticeUID=CO1.NTC.6982256&isFromPublicArea=True&isModal=true&asPopupView=true,0.3771568536758423
296558,EMPRESA SOCIAL DEL ESTADO HOSPITAL SANTA ANA NIVEL I,Prestación de servicios profesionales en prensa medios radiales y digitales del hospital Santa Ana,Decreto 092 de 2017,Mujer,4.2,13.593412206911214,3 Mes(es),-2.2365267159312414,0.3089731949616462,https://community.secop.gov.co/Public/Tendering/OpportunityDetail/Index?noticeUID=CO1.NTC.6816384&isFromPublicArea=True&isModal=true&asPopupView=true,0.33712542057037354
454276,LOTERIA DE BOYCA,COMPRA DE ESPACIO PUBLICITARIO EN LA EMISORA ORIENTAL STEREO 90.6FM PARA PROMOCIONAR LOS PRODUCTOS Y/O CAMPAÑAS PUBLICITARIAS DE LA LOTERÍA DE BOYACÁ DEL AÑO 2024,Prestación de servicios,Mujer,5.499999999999999,17.778555557687646,5 Mes(es),-2.2324646468522995,0.309361465398787,https://community.secop.gov.co/Public/Tendering/OpportunityDetail/Index?noticeUID=CO1.NTC.6031769&isFromPublicArea=True&isModal=true&asPopupView=true,0.32674431800842285
623330,RADIO TELEVISION NACIONAL DE COLOMBIA.,EL CONTRATISTA SE OBLIGA CON -RTVC-A LA PRESTACIÓN DE SERVICIOS PARA REALIZAR ACTIVIDADES DE REALIZACIÓN; EDICIÓN Y DIVULGACIÓN DE CONTENIDOS DIGITALES PARA RTVC SISTEMA DE MEDIOS PÚBLICOS Y SUS MARCAS,Prestación de servicios,No Definido,13.640799999999999,43.613229982252726,2 Mes(es),-2.197263355686817,0.3127674791697558,https://community.secop.gov.co/Public/Tendering/OpportunityDetail/Index?noticeUID=CO1.NTC.6949789&isFromPublicArea=True&isModal=true&asPopupView=true,0.3261239528656006
458807,DEPARTAMENTO DEL META,PROMOVER LA DIVULGACIÓN DE LA GESTIÓN QUE REALIZA EL GOBIERNO DEL DEPARTAMENTO DEL META; ASÍ COMO  MANTENER INFORMADA A LA COMUNIDAD A TRAVÉS DE UN MEDIO DE COMUNICACION RADIAL; SOBRE LAS ACCIONES PARA MAYOR BIENESTAR Y PROSPERIDAD ECONOMICA Y SOCIAL   DE LOS METENSES,Prestación de servicios,Hombre,3.7499999999999996,11.952361043327366,1 Mes(es),-2.1872962782206313,0.31374554252555054,https://community.secop.gov.co/Public/Tendering/OpportunityDetail/Index?noticeUID=CO1.NTC.7002155&isFromPublicArea=True&isModal=true&asPopupView=true,0.3118494749069214
817273,PERSONERIA MUNICIPAL DE FUSAGASUGA,PRESTAR LOS SERVICIOS DE DIVULGACION DE LA INFORMACION DE LA PERSONERIA MUNICIPAL DE FUSAGASUGA A TRAVES DE UN MEDIO DIGITAL DE NOTICIAS.,Prestación de servicios,Hombre,4.1000000000000005,13.04774121269725,11 Mes(es),-2.182375905535914,0.31423063449558114,https://community.secop.gov.co/Public/Tendering/OpportunityDetail/Index?noticeUID=CO1.NTC.5571108&isFromPublicArea=True&isModal=true&asPopupView=true,0.33524206280708313
487156,HOSPITAL LOCAL VITO FASAEL GUTIERREZ PEDRAZA E.S.E,PRESTACION DE SERVICIOS DE EDICION DE VIDEOS PUBLICITARIOS DE PROGRAMA DE ATENCION PRIMARIA EN SALUD.,Decreto 092 de 2017,Hombre,6.999999999999997,22.152297385621505,28 Dia(s),-2.164613912231645,0.3159943132825366,https://community.secop.gov.co/Public/Tendering/OpportunityDetail/Index?noticeUID=CO1.NTC.7152330&isFromPublicArea=True&isModal=true&asPopupView=true,0.3281359076499939
835984,LOTERIA DE BOYCA,ESPACIO PUBLICITARIO PARA LA EMISIÓN DE CUÑAS RADIALES EN TW3 RADIO- TOCA STEREO 96.1; PARA PROMOCIONAR LOS PRODUCTOS Y/ O CAMPAÑAS PUBLICITARIAS DE LA LOTERÍA DE BOYACÁ,Prestación de servicios,Hombre,8.500000000000002,26.759639454604905,5 Mes(es),-2.148192877012341,0.31764254576073103,https://community.secop.gov.co/Public/Tendering/OpportunityDetail/Index?noticeUID=CO1.NTC.6032443&isFromPublicArea=True&isModal=true&asPopupView=true,0.4010595679283142
167735,IU. Digital,"Prestar servicios profesionales para el monitoreo del proceso de comunicación y
transparencia; así como la gestión efectiva de la publicación y difusión en todos los
medios digitales.",Prestación de servicios,Hombre,8.843243,27.8286306121844,1 Mes(es),-2.146880687569527,0.31777499666577563,https://community.secop.gov.co/Public/Tendering/OpportunityDetail/Index?noticeUID=CO1.NTC.6914266&isFromPublicArea=True&isModal=true&asPopupView=true,0.3071744740009308
472672,UNIATLANTICO,PROMOCIONAR EL PERIODO DE INSCRIPCIONES DE LOS PROGRAMAS DE POSTGRADOS CORRESPONDIENTE AL PERIODO 2024-2 CON EL OBJETO DE DIVULGAR LA MARCA POSTGRADOS UA Y AUMENTAR LA CAPTACIÓN DE NUEVOS ESTUDIANTES A TRAVÉS DE LA PUBLICIDAD EN REDES SOCIALES.,Prestación de servicios,Hombre,11.899999999999999,37.28954685216553,60 Dia(s),-2.133575365728196,0.31912428561220035,https://community.secop.gov.co/Public/Tendering/OpportunityDetail/Index?noticeUID=CO1.NTC.6140723&isFromPublicArea=True&isModal=true&asPopupView=true,0.31048938632011414
757712,GOBERNACION DE NARIÑO,Alquiler de un espacio en un medio de comunicación radial comercial en la ciudad de Pasto (N); con frecuencia de amplitud modulada - A.M; para originar y transmitir el programa institucional de radio de la Gobernación de Nariño En Contexto Radio,Prestación de servicios,Hombre,8.08,25.211908317290508,43 Dia(s),-2.120285682832984,0.32048347544000383,https://community.secop.gov.co/Public/Tendering/OpportunityDetail/Index?noticeUID=CO1.NTC.7010487&isFromPublicArea=True&isModal=true&asPopupView=true,0.3121250569820404
387463,LOTERIA DE BOYCA,EMISIÓN Y DIFUSIÓN DE CUÑAS RADIALES DE LOS PRODUCTOS Y/O CAMPAÑAS PUBLICITARIAS DE LA LOTERÍA DE BOYACÁ EN LA EMISORA LANCEROS STEREO 94.1 F.M AÑO 2024.,Prestación de servicios,Mujer,7.5,23.39041969364003,5 Mes(es),-2.1187226258186707,0.3206440969521931,https://community.secop.gov.co/Public/Tendering/OpportunityDetail/Index?noticeUID=CO1.NTC.6039149&isFromPublicArea=True&isModal=true&asPopupView=true,0.3138067126274109
809809,Contraloría Municipal de Pereira,Prestación de servicios profesionales como comunicador social periodista; brindando acompañamiento en virtud de visibilizar a través de medios de comunicación y redes sociales la labor desempeñada por la Contraloría Municipal de Pereira,Prestación de servicios,Hombre,5.3999999999999995,16.835580174622514,2 Mes(es),-2.117700032337503,0.32074926696852474,https://community.secop.gov.co/Public/Tendering/OpportunityDetail/Index?noticeUID=CO1.NTC.5640376&isFromPublicArea=True&isModal=true&asPopupView=true,0.3751341700553894
631376,LOTERIA DE BOYCA,"PUBLICIDAD A TRAVÉS DEL MEDIO DE COMUNICACIÓN CHIDO NOTICIAS; PLATAFORMA DIGITAL PARA 
PROMOCIONAR LOS PRODUCTOS Y/O CAMPAÑAS PUBLICITARIAS DE LA LOTERÍA DE BOYACÁ",Prestación de servicios,Hombre,9.999999999999998,31.01012219887135,5 Mes(es),-2.1010122198871355,0.32247534968965585,https://community.secop.gov.co/Public/Tendering/OpportunityDetail/Index?noticeUID=CO1.NTC.6122103&isFromPublicArea=True&isModal=true&asPopupView=true,0.47009989619255066
756424,SECRETARIA GENERAL Y DE CERCANIA AL CIUDADANO,PRESTAR SERVICIOS PROFESIONALES PARA LA BÚSQUEDA; RECOLECCIÓN; PROCESAMIENTO; DIVULGACIÓN DE INFORMACIÓN Y GENERACIÓN DE CONTENIDOS AUDIOVISUALES; INFORMATIVOS Y PERIODÍSTICOS QUE CONTRIBUYAN AL CUMPLIMIENTO DE LAS METAS DEL PLAN DE DESARROLLO Y LA MISIONALIDAD DE LA SECRETARIA GENERAL; EN MEDIOS IN,Prestación de servicios,No Definido,11.333333,35.10888764885636,68 Dia(s),-2.0978431189533002,0.32280524274511363,https://community.secop.gov.co/Public/Tendering/OpportunityDetail/Index?noticeUID=CO1.NTC.6876790&isFromPublicArea=True&isModal=true&asPopupView=true,0.31564751267433167
801989,ALCALDIA LOCAL DE SAN CRISTOBAL,PRESTAR SUS SERVICIOS ASISTENCIALES PARA APOYAR AL ALCALDE LOCAL EN TEMAS DE PRENSA Y COMUNICACIONES EN LA REALIZACIÓN Y PUBLICACIÓN DE CONTENIDOS DE REDES SOCIALES Y CANALES DE DIVULGACIÓN DIGITAL (SITIO WEB) DE LA ALCALDÍA LOCAL,Prestación de servicios,Mujer,7.6,23.502697647547247,4 Mes(es),-2.092460216782533,0.323367134869862,https://community.secop.gov.co/Public/Tendering/OpportunityDetail/Index?noticeUID=CO1.NTC.5996972&isFromPublicArea=True&isModal=true&asPopupView=true,0.31815680861473083
297145,LOTERIA DE BOYCA,ESPACIO PUBLICITARIO EN BANNER DEL PORTAL DE NOTICIAS HTTPS://MIBOYACA.CO/ PARA PROMOCIONAR LOS PRODUCTOS Y/O CAMPAÑAS PUBLICITARAS DE LA LOTERIA DE BOYACÁ.,Prestación de servicios,Mujer,8.999999999999998,27.79961850916583,5 Mes(es),-2.088846501018426,0.32374544985329934,https://community.secop.gov.co/Public/Tendering/OpportunityDetail/Index?noticeUID=CO1.NTC.6168046&isFromPublicArea=True&isModal=true&asPopupView=true,0.3377944827079773
259693,INSTITUTO DISTRITAL DE PROTECCION Y BIENESTAR ANIMAL,"PRESTAR SERVICIOS PROFESIONALES EN LA REVISIÓN Y 
REDACCIÓN DE TEXTOS; COMUNICADOS Y OTROS 
CONTENIDOS INFORMATIVOS PARA DIVULGACIÓN 
INTERNA; EN MEDIOS DE COMUNICACIÓN Y 
PLATAFORMAS PROPIAS DEL INSTITUTO; ASÍ COMO EN EL 
SEGUIMIENTO DE LOS RESULTADOS DE LA DEPENDENCIA",Prestación de servicios,Mujer,10.999999999999998,33.831256287241594,55 Dia(s),-2.0755687533855998,0.3251431134157529,https://community.secop.gov.co/Public/Tendering/OpportunityDetail/Index?noticeUID=CO1.NTC.7096132&isFromPublicArea=True&isModal=true&asPopupView=true,0.30757978558540344
805848,MUNICIPIO DE TUNJA/,GCP-04 PRESTACIÓN DE SERVICIOS ASISTENCIALES PARA LA REALIZACIÓN DE MATERIAL AUDIOVISUAL EN APOYO A LA DIFUSIÓN EN MEDIOS VISUALES QUE REQUIERE LA ALCALDÍA MAYOR DE TUNJA.,Prestación de servicios,Hombre,7.200000000000001,22.072669686819946,4 Mes(es),-2.065648567613881,0.3261952496982851,https://community.secop.gov.co/Public/Tendering/OpportunityDetail/Index?noticeUID=CO1.NTC.6604615&isFromPublicArea=True&isModal=true&asPopupView=true,0.37680238485336304
280614,RADIO TELEVISION NACIONAL DE COLOMBIA.,EL CONTRATISTA SE OBLIGA CON RTVC A PRESTAR LOS SERVICIOS PARA REALIZAR ACTIVIDADES DE REALIZACIÓN; EDICIÓN Y DIVULGACIÓN DE CONTENIDOS DIGITALES PARA RTVC SISTEMA DE MEDIOS PÚBLICOS Y SUS MARCAS,Prestación de servicios,No Definido,11.367333,34.8404113590721,50 Dia(s),-2.0649591561250205,0.32626862188411154,https://community.secop.gov.co/Public/Tendering/OpportunityDetail/Index?noticeUID=CO1.NTC.7016699&isFromPublicArea=True&isModal=true&asPopupView=true,0.3346516489982605
386045,PERSONERIA MUNICIPAL DE NEIVA,PRESTACIÓN DE LOS SERVICIOS PROFESIONALES COMO COMUNICADOR SOCIAL PERIODISTA; PARA LA EMISIÓN DE MENSAJES INSTITUCIONALES EN LOS DIFERENTES MEDIOS DE COMUNICACIÓN; PARA LA PROMOCIÓN; DIVULGACIÓN DE LOS DERECHOS HUMANOS Y LOS SERVICIOS QUE PRESTA LA PERSONERÍA MUNICIPAL DE NEIVA,Prestación de servicios,Mujer,9.999999999999998,30.626342816312466,4 Mes(es),-2.062634281631247,0.3265162954642339,https://community.secop.gov.co/Public/Tendering/OpportunityDetail/Index?noticeUID=CO1.NTC.5890448&isFromPublicArea=True&isModal=true&asPopupView=true,0.3192492425441742
192375,INSTITUTO DISTRITAL DE PROTECCION Y BIENESTAR ANIMAL,PRESTAR SERVICIOS PROFESIONALES EN EL CUBRIMIENTO; REALIZACIÓN Y EDICIÓN DE CONTENIDOS AUDIOVISUALES SOBRE LA GESTIÓN DEL IDPYBA PARA LOS DIFERENTES CANALES DE COMUNICACIÓN Y DIGITALES DE LA ENTIDAD.,Prestación de servicios,Hombre,10.390343,31.78259328635496,85 Dia(s),-2.0588589121990446,0.32691929530057656,https://community.secop.gov.co/Public/Tendering/OpportunityDetail/Index?noticeUID=CO1.NTC.6975042&isFromPublicArea=True&isModal=true&asPopupView=true,0.3278135359287262
80226,LOTERIA DE BOYCA,ESPACIO PUBLICITARIO EN FLASH INFORMATIVO WORLD CHANNEL TELEVISIÓN A TRAVÉS DE LA PLATAFORMA WWW.WORLDCHANNEL.COM.CO CON EL FIN DE DIFUNDIR LAS ACTIVIDADES; CAMPAÑAS Y LOS SORTEOS DE LA LOTERÍA DE BOYACÁ.,Prestación de servicios,No Definido,6.000000000000002,18.302730099307546,5 Mes(es),-2.0504550165512567,0.3278199463929702,https://community.secop.gov.co/Public/Tendering/OpportunityDetail/Index?noticeUID=CO1.NTC.6027851&isFromPublicArea=True&isModal=true&asPopupView=true,0.328071653842926
321293,FISCALÍA GENERAL DE LA NACIÓN NIVEL CENTRAL.,PRESTAR EL SERVICIO DE MONITOREO DIARIO; CLASIFICACIÓN; MEDICIÓN Y ANÁLISIS DE LA INFORMACIÓN GENERADA; REGISTRADA; EMITIDA Y PUBLICADA DE LA FISCALÍA GENERAL DE LA NACIÓN; EN PRENSA ESCRITA; RADIO; TELEVISIÓN; PORTALES DE INTERNET Y REDES SOCIALES A NIVEL NACIONAL E INTERNACIONAL,Prestación de servicios,Hombre,17.493,53.29751450812755,70 Dia(s),-2.0467909739968877,0.32821417961868415,https://community.secop.gov.co/Public/Tendering/OpportunityDetail/Index?noticeUID=CO1.NTC.5845429&isFromPublicArea=True&isModal=true&asPopupView=true,0.3079015016555786
56295,"EMPRESA PÚBLICA DEL MUNICIPIO DE SOACHA, EPUXUA AVANZA E.I.C.E.",PRESTACION DEL SERVICIO PARA LA DIFUSION EN MEDIOS MASIVOS DE COMUNICACION Y SEGUIMIENTO DEL PLAN DE DIFUSION TALES COMO STREAMING Y MEDIOS DIGITALES DE LOS PROGRAMAS Y ACTIVIDADES QUE REQUIERA LA ALCALDIA MUNICIPAL DE SOACHA. EN EL MARCO DE LA GERENCIA INTEGRAL DEL CONTRATO INTERADMINISTRATIVO N°,Prestación de servicios,Hombre,24.7338,75.35534221716928,5 Mes(es),-2.0466544654347203,0.32822888560068864,https://community.secop.gov.co/Public/Tendering/OpportunityDetail/Index?noticeUID=CO1.NTC.6607907&isFromPublicArea=True&isModal=true&asPopupView=true,0.3026437759399414
648560,EMPRESA IBAGUEREÑA DE ACUEDUCTO Y ALCANTARILLADO SA ESP OFICIAL IBAL SA ESP OFICIAL,CONTRATAR EL SERVICIO DE PUBLICIDAD EN UN MEDIO DE COMUNICACIÓN DIGITAL CON GRAN ALCANCE DE REDES SOCIALES EN IBAGUÉ; PARA LA DIFUSIÓN DE MENSAJES; CAMPAÑAS E INFORMACIÓN INSTITUCIONAL DEL IBAL S.A. E.S.P. OFICIAL; DE CONFORMIDAD CON EL PLAN DE MEDIOS APROBADO POR LA GERENCIA,Prestación de servicios,Hombre,21.0,63.89313090224408,7 Mes(es),-2.042530042964004,0.3286738293061552,https://community.secop.gov.co/Public/Tendering/OpportunityDetail/Index?noticeUID=CO1.NTC.6039694&isFromPublicArea=True&isModal=true&asPopupView=true,0.3733016848564148
766312,LOTERIA DE BOYCA,"COMPRA DE ESPACIO PUBLICITARIO EN EL MEDIO  DIGITAL IDEASYHECHOS.COM.CO; DE BANNER 
PUBLICITARIO; PARA PROMOCIONAR LOS PRODUCTOS Y/O CAMPAÑAS PUBLICITARIAS DE LA LOTERÍA DE BOYACÁ Y SUS SORTEOS DEL AÑO 2024",Prestación de servicios,Hombre,6.000000000000002,18.250966528814565,5 Mes(es),-2.041827754802427,0.3287497125441122,https://community.secop.gov.co/Public/Tendering/OpportunityDetail/Index?noticeUID=CO1.NTC.6128902&isFromPublicArea=True&isModal=true&asPopupView=true,0.34245598316192627
371241,ORGANIZACION PARA LA RECREACION Y EL DEPORTE DE IPIALES - ORDEPI,PRESTACIÓN DE SERVICIOS PROFESIONALES COMO COMUNICADOR SOCIAL DE DIFUSION DE INFORMACIÓN EN MEDIOS DE COMUNICACIÓN PARA EL FORTALECIMIENTO DE LAS ACTIVIDADES DEPORTIVAS DESARROLLADAS POR LA ORGANIZACIÓN PARA LA RECREACIÓN Y EL DEPORTE DE IPIALES ORDEPI Y EN LAS QUE ELLA INTERVENGA.,Prestación de servicios,Mujer,4.799999999999999,14.477221846485026,3 Mes(es),-2.016087884684381,0.3315553253862313,https://community.secop.gov.co/Public/Tendering/OpportunityDetail/Index?noticeUID=CO1.NTC.6351066&isFromPublicArea=True&isModal=true&asPopupView=true,0.31484484672546387
451117,CONCEJO MUNICIPIO DE TOCANCIPÁ,PRESTACIÓN DE SERVICIOS PROFESIONALES PARA LA CREACIÓN DE HERRAMIENTAS AUDIOVISUALES; MULTIMEDIA; DISEÑO Y PRODUCCIÓN DE INTERACTIVOS COMUNICATIVOS PARA EL DESARROLLO DEL PLAN DE MEDIOS DEL CONCEJO MUNICIPAL DE TOCANCIPA.,Prestación de servicios,Hombre,20.43,61.56456891436355,227 Dia(s),-2.0134394965425133,0.3318467157370691,https://community.secop.gov.co/Public/Tendering/OpportunityDetail/Index?noticeUID=CO1.NTC.6129781&isFromPublicArea=True&isModal=true&asPopupView=true,0.3275696039199829
358489,MUNICIPIO DE PEREIRA- OFICIAL,PRESTACION DE SERVICIOS PROFESIONALES COMO COMUNICADOR SOCIAL DIRIGIDO AL AREA DE PRODUCCIÓN AUDIOVISUAL Y DE GENERACION DE CONTENIDOS INFORMATIVOS AUDIOVISUALES Y REPORTERIA GRAFICA DE LA OFICINA ASESORA DE PRENSA Y COMUNICACIONES EN CUMPLIMIENTO DEL PROYECTO DIFUSIÓN INTEGRAL DE LA GESTIÓN DE LA A,Prestación de servicios,Hombre,8.4,25.28742428578867,70 Dia(s),-2.0104076530700796,0.3321809253906786,https://community.secop.gov.co/Public/Tendering/OpportunityDetail/Index?noticeUID=CO1.NTC.6945476&isFromPublicArea=True&isModal=true&asPopupView=true,0.3802183270454407
843035,ALCALDIA MUNICIPIO DE VILLAVICENCIO,PRESTACION DE SERVICIOS PARA LA DIVULGACION Y PROMOCION RADIAL EN FRECUENCIA MODULADA FM DE LOS PROGRAMAS; PROYECTOS Y DEMAS TEMAS DE INTERES PUBLICO DE LA ALCALDIA DE VILLAVICENCIO,Prestación de servicios,No Definido,7.4799999999999995,22.4956159451662,75 Dia(s),-2.0074352867869254,0.33250923283153233,https://community.secop.gov.co/Public/Tendering/OpportunityDetail/Index?noticeUID=CO1.NTC.6830394&isFromPublicArea=True&isModal=true&asPopupView=true,0.3417820632457733
814843,LOTERIA DEL HUILA,Prestar los servicios de publicidad de piezas graficas en las paginas oficiales y trnasmision de cuñas radiales con frecuencia AM y FM. De publicidad de la Loteria del Huila en el Departamento del Huila con Caracol Radio.,Prestación de servicios,Mujer,5.100000000000001,15.242754418863692,2 Mes(es),-1.9887753762477818,0.33458519765223593,https://community.secop.gov.co/Public/Tendering/OpportunityDetail/Index?noticeUID=CO1.NTC.6392251&isFromPublicArea=True&isModal=true&asPopupView=true,0.3282187283039093
316184,GOBERNACIÓN DEPARTAMENTO DEL PUTUMAYO,CONTRATO DE PRESTACIÓN DE SERVICIOS PROFESIONALES EN COMUNICACIÓN SOCIAL Y PERIODISMO PARA APOYAR EL DESARROLLO DE ACTIVIDADES DE COMUNICACIÓN; MARKETING DIGITAL; LA CREACIÓN; IMPLEMENTACIÓN Y DIFUSIÓN DE INFORMACIÓN Y DOCUMENTOS COMUNICACIONALES REQUERIDOS POR LA SECRETARÍA DE DESARROLLO SOCIAL DEL,Prestación de servicios,Mujer,8.999999999999998,26.601060583983905,3 Mes(es),-1.9556733982204346,0.33833237481586587,https://community.secop.gov.co/Public/Tendering/OpportunityDetail/Index?noticeUID=CO1.NTC.5722559&isFromPublicArea=True&isModal=true&asPopupView=true,0.32292813062667847
661094,LOTERIA DE BOYCA,ESPACIO PUBLICITARIO EN LAS REDES SOCIALES DE SOCHA NOTICIAS; PARA PROMOCIONAR LOS PRODUCTOS Y/O CAMPAÑAS PUBLICITARIAS DE LA LOTERÍA DE BOYACA,Prestación de servicios,Mujer,15.0,44.33427463861327,5 Mes(es),-1.955618309240885,0.3383386809025547,https://community.secop.gov.co/Public/Tendering/OpportunityDetail/Index?noticeUID=CO1.NTC.6252246&isFromPublicArea=True&isModal=true&asPopupView=true,0.4031180739402771
684851,ALCALDIA MUNICIPIO DE VILLAVICENCIO,PRESTACIÓN DE SERVICIOS PARA LA DIVULGACION Y PROMOCIÓN RADIAL EN FRECUENCIA MODULADA (FM) DE LOS PROGRAMAS; PROYECTOS Y  DEMAS TEMAS DE INTERES PUBLICO DE LA ALCALDIA DE VILLAVICENCIO,Prestación de servicios,Hombre,7.4799999999999995,22.095489803425814,65 Dia(s),-1.9539424870890125,0.3385306262294424,https://community.secop.gov.co/Public/Tendering/OpportunityDetail/Index?noticeUID=CO1.NTC.6871779&isFromPublicArea=True&isModal=true&asPopupView=true,0.32928937673568726
562847,ALCALDIA MUNICIPIO DE VILLAVICENCIO,PRESTACIÓN DE SERVICIOS PARA LA DIVULGACION Y PROMOCIÓN RADIAL EN FRECUENCIA MODULADA (FM) DE LOS PROGRAMAS; PROYECTOS Y DEMAS TEMAS DE INTERES PUBLICO DE LA ALCALDIA DE VILLAVICENCIO,Prestación de servicios,No Definido,7.4799999999999995,22.095489803425814,82 Dia(s),-1.9539424870890125,0.3385306262294424,https://community.secop.gov.co/Public/Tendering/OpportunityDetail/Index?noticeUID=CO1.NTC.6807634&isFromPublicArea=True&isModal=true&asPopupView=true,0.32928937673568726
758583,ALCALDIA MUNICIPIO DE VILLAVICENCIO,PRESTACIÓN DE SERVICIOS PARA LA DIVULGACION Y PROMOCIÓN RADIAL EN FRECUENCIA MODULADA (FM) DE LOS PROGRAMAS; PROYECTOS Y DEMAS TEMAS DE INTERES PUBLICO DE LA ALCALDIA DE VILLAVICENCIO,Prestación de servicios,Mujer,7.4799999999999995,22.095489803425814,76 Dia(s),-1.9539424870890125,0.3385306262294424,https://community.secop.gov.co/Public/Tendering/OpportunityDetail/Index?noticeUID=CO1.NTC.6848058&isFromPublicArea=True&isModal=true&asPopupView=true,0.32928937673568726
677883,ALCALDIA MUNICIPIO DE VILLAVICENCIO,PRESTACIÓN DE SERVICIOS PARA LA DIVULGACION Y PROMOCIÓN RADIAL EN FRECUENCIA MODULADA (FM) DE LOS PROGRAMAS; PROYECTOS Y DEMAS TEMAS DE INTERES PUBLICO DE LA ALCALDIA DE VILLAVICENCIO,Prestación de servicios,No Definido,7.4799999999999995,22.095489803425814,2 Mes(es),-1.9539424870890125,0.3385306262294424,https://community.secop.gov.co/Public/Tendering/OpportunityDetail/Index?noticeUID=CO1.NTC.6818694&isFromPublicArea=True&isModal=true&asPopupView=true,0.32928937673568726
635480,ALCALDIA MUNICIPIO DE VILLAVICENCIO,PRESTACIÓN DE SERVICIOS PARA LA DIVULGACION Y PROMOCIÓN RADIAL EN FRECUENCIA MODULADA (FM) DE LOS PROGRAMAS; PROYECTOS Y DEMAS TEMAS DE INTERES PUBLICO DE LA ALCALDIA DE VILLAVICENCIO,Prestación de servicios,No Definido,7.4799999999999995,22.095489803425814,69 Dia(s),-1.9539424870890125,0.3385306262294424,https://community.secop.gov.co/Public/Tendering/OpportunityDetail/Index?noticeUID=CO1.NTC.6871026&isFromPublicArea=True&isModal=true&asPopupView=true,0.32928937673568726
466586,ALCALDIA MUNICIPIO DE VILLAVICENCIO,PRESTACIÓN DE SERVICIOS PARA LA DIVULGACION Y PROMOCIÓN RADIAL EN FRECUENCIA MODULADA (FM) DE LOS PROGRAMAS; PROYECTOS Y DEMAS TEMAS DE INTERES PUBLICO DE LA ALCALDIA DE VILLAVICENCIO,Prestación de servicios,No Definido,7.4799999999999995,22.095489803425814,60 Dia(s),-1.9539424870890125,0.3385306262294424,https://community.secop.gov.co/Public/Tendering/OpportunityDetail/Index?noticeUID=CO1.NTC.6872630&isFromPublicArea=True&isModal=true&asPopupView=true,0.32928937673568726
604786,ALCALDIA MUNICIPIO DE VILLAVICENCIO,PRESTACIÓN DE SERVICIOS PARA LA DIVULGACION Y PROMOCIÓN RADIAL EN FRECUENCIA MODULADA (FM) DE LOS PROGRAMAS; PROYECTOS Y DEMAS TEMAS DE INTERES PUBLICO DE LA ALCALDIA DE VILLAVICENCIO,Prestación de servicios,No Definido,7.4799999999999995,22.095489803425814,70 Dia(s),-1.9539424870890125,0.3385306262294424,https://community.secop.gov.co/Public/Tendering/OpportunityDetail/Index?noticeUID=CO1.NTC.6873938&isFromPublicArea=True&isModal=true&asPopupView=true,0.32928937673568726
692615,ALCALDIA MUNICIPIO DE VILLAVICENCIO,PRESTACIÓN DE SERVICIOS PARA LA DIVULGACION Y PROMOCIÓN RADIAL EN FRECUENCIA MODULADA (FM) DE LOS PROGRAMAS; PROYECTOS Y DEMAS TEMAS DE INTERES PUBLICO DE LA ALCALDIA DE VILLAVICENCIO,Prestación de servicios,Hombre,7.4799999999999995,22.095489803425814,76 Dia(s),-1.9539424870890125,0.3385306262294424,https://community.secop.gov.co/Public/Tendering/OpportunityDetail/Index?noticeUID=CO1.NTC.6828901&isFromPublicArea=True&isModal=true&asPopupView=true,0.32928937673568726
798842,ALCALDIA MUNICIPIO DE VILLAVICENCIO,PRESTACIÓN DE SERVICIOS PARA LA DIVULGACION Y PROMOCIÓN RADIAL EN FRECUENCIA MODULADA (FM) DE LOS PROGRAMAS; PROYECTOS Y DEMAS TEMAS DE INTERES PUBLICO DE LA ALCALDIA DE VILLAVICENCIO,Prestación de servicios,Mujer,7.4799999999999995,22.095489803425814,75 Dia(s),-1.9539424870890125,0.3385306262294424,https://community.secop.gov.co/Public/Tendering/OpportunityDetail/Index?noticeUID=CO1.NTC.6811798&isFromPublicArea=True&isModal=true&asPopupView=true,0.32928937673568726
257252,ALCALDIA MUNICIPIO DE VILLAVICENCIO,PRESTACIÓN DE SERVICIOS PARA LA DIVULGACION Y PROMOCIÓN RADIAL EN FRECUENCIA MODULADA (FM) DE LOS PROGRAMAS; PROYECTOS Y DEMAS TEMAS DE INTERES PUBLICO DE LA ALCALDIA DE VILLAVICENCIO,Prestación de servicios,Hombre,7.4799999999999995,22.068304595914157,2 Mes(es),-1.9503081010580423,0.33894765080344624,https://community.secop.gov.co/Public/Tendering/OpportunityDetail/Index?noticeUID=CO1.NTC.6818223&isFromPublicArea=True&isModal=true&asPopupView=true,0.32928937673568726
747449,GOBERNACIÓN DE CUNDINAMARCA - SECRETARÍA DE PRENSA Y COMUNICACIONES,"PRESTAR SERVICIOS DE APOYO A LA GESTIÓN PARA INGESTAR; ORGANIZAR Y
SELECCIONAR EL MATERIAL AUDIOVISUAL PRODUCIDO POR EL EQUIPO DEL
CENTRO DE PRODUCCIÓN AUDIOVISUAL DE LA SECRETARÍA DE PRENSA Y
COMUNICACIONES.",Prestación de servicios,Hombre,6.765261999999998,19.842523700758075,2 Mes(es),-1.9330015157961482,0.3409476587769697,https://community.secop.gov.co/Public/Tendering/OpportunityDetail/Index?noticeUID=CO1.NTC.5901363&isFromPublicArea=True&isModal=true&asPopupView=true,0.3024432361125946
184111,LOTERIA DE BOYCA,ESPACIO PUBLICITARIO EN INSTAGRAM @cucho_noticias; PARA PROMOCIONAR LOS PRODUCTOS Y/O CAMPAÑAS PUBLICITARIAS DE LA LOTERÍA DE BOYACÁ; AÑO 2024,Prestación de servicios,Hombre,20.0,58.48960865293244,5 Mes(es),-1.924480432646622,0.3419410808281631,https://community.secop.gov.co/Public/Tendering/OpportunityDetail/Index?noticeUID=CO1.NTC.6370766&isFromPublicArea=True&isModal=true&asPopupView=true,0.3198831081390381
25685,ALCALDIA MUNICIPIO DE VILLAVICENCIO,PRESTACIÓN DE SERVICIOS PARA LA DIVULGACION Y PROMOCIÓN RADIAL EN AMPLITUD MODULADA (AM) DE LOS PROGRAMAS; PROYECTOS Y DEMAS TEMAS DE INTERES PUBLICO DE LA ALCALDIA DE VILLAVICENCIO,Prestación de servicios,Mujer,7.4799999999999995,21.862747855108395,88 Dia(s),-1.9228272533567374,0.3421344860020531,https://community.secop.gov.co/Public/Tendering/OpportunityDetail/Index?noticeUID=CO1.NTC.6768753&isFromPublicArea=True&isModal=true&asPopupView=true,0.3334914743900299
847437,ALCALDIA MUNICIPIO DE VILLAVICENCIO,PRESTACIÓN DE SERVICIOS PARA LA DIVULGACION Y PROMOCIÓN RADIAL EN AMPLITUD MODULADA (AM) DE LOS PROGRAMAS; PROYECTOS Y DEMAS TEMAS DE INTERES PUBLICO DE LA ALCALDIA DE VILLAVICENCIO,Prestación de servicios,Mujer,7.4799999999999995,21.862747855108395,75 Dia(s),-1.9228272533567374,0.3421344860020531,https://community.secop.gov.co/Public/Tendering/OpportunityDetail/Index?noticeUID=CO1.NTC.6811820&isFromPublicArea=True&isModal=true&asPopupView=true,0.3334914743900299
708348,ALCALDIA MUNICIPIO DE VILLAVICENCIO,PRESTACIÓN DE SERVICIOS PARA LA DIVULGACION Y PROMOCIÓN RADIAL EN AMPLITUD MODULADA (AM) DE LOS PROGRAMAS; PROYECTOS Y DEMAS TEMAS DE INTERES PUBLICO DE LA ALCALDIA DE VILLAVICENCIO,Prestación de servicios,Mujer,7.4799999999999995,21.862747855108395,87 Dia(s),-1.9228272533567374,0.3421344860020531,https://community.secop.gov.co/Public/Tendering/OpportunityDetail/Index?noticeUID=CO1.NTC.6770184&isFromPublicArea=True&isModal=true&asPopupView=true,0.3334914743900299
414591,ALCALDIA MUNICIPIO DE VILLAVICENCIO,PRESTACION DE SERVICIOS PARA LA DIVULGACION Y PROMOCION RADIAL EN AMPLITUD MODULADA (AM) DE LOS PROGRAMAS; PROYECTOS Y DEMAS TEMAS DE INTERES PUBLICO DE LA ALCALDIA DE VILLAVICENCIO,Prestación de servicios,No Definido,7.4799999999999995,21.862747855108395,98 Dia(s),-1.9228272533567374,0.3421344860020531,https://community.secop.gov.co/Public/Tendering/OpportunityDetail/Index?noticeUID=CO1.NTC.6768368&isFromPublicArea=True&isModal=true&asPopupView=true,0.3334914743900299
15069,ALCALDIA MUNICIPIO DE VILLAVICENCIO,PRESTACIÓN DE SERVICIOS PARA LA DIVULGACION Y PROMOCIÓN RADIAL EN AMPLITUD MODULADA (AM) DE LOS PROGRAMAS; PROYECTOS Y DEMAS TEMAS DE INTERES PUBLICO DE LA ALCALDIA DE VILLAVICENCIO,Prestación de servicios,Hombre,7.4799999999999995,21.862747855108395,87 Dia(s),-1.9228272533567374,0.3421344860020531,https://community.secop.gov.co/Public/Tendering/OpportunityDetail/Index?noticeUID=CO1.NTC.6770842&isFromPublicArea=True&isModal=true&asPopupView=true,0.3334914743900299
437640,ALCALDIA MUNICIPIO DE VILLAVICENCIO,PRESTACIÓN DE SERVICIOS PARA LA DIVULGACION Y PROMOCIÓN RADIAL EN AMPLITUD MODULADA (AM) DE LOS PROGRAMAS; PROYECTOS Y DEMAS TEMAS DE INTERES PUBLICO DE LA ALCALDIA DE VILLAVICENCIO,Prestación de servicios,No Definido,7.4799999999999995,21.862747855108395,65 Dia(s),-1.9228272533567374,0.3421344860020531,https://community.secop.gov.co/Public/Tendering/OpportunityDetail/Index?noticeUID=CO1.NTC.6770378&isFromPublicArea=True&isModal=true&asPopupView=true,0.3334914743900299
300640,ALCALDIA MUNICIPIO DE VILLAVICENCIO,PRESTACIÓN DE SERVICIOS PARA LA DIVULGACION Y PROMOCIÓN RADIAL EN AMPLITUD MODULADA (AM) DE LOS PROGRAMAS; PROYECTOS Y DEMAS TEMAS DE INTERES PUBLICO DE LA ALCALDIA DE VILLAVICENCIO,Prestación de servicios,Hombre,7.4799999999999995,21.862747855108395,80 Dia(s),-1.9228272533567374,0.3421344860020531,https://community.secop.gov.co/Public/Tendering/OpportunityDetail/Index?noticeUID=CO1.NTC.6810038&isFromPublicArea=True&isModal=true&asPopupView=true,0.3334914743900299
774193,RADIO TELEVISION NACIONAL DE COLOMBIA.,EL CONTRATISTA se obliga con RTVC a prestar servicios profesionales apoyando los procesos de restauración digital; edición y colorización del archivo audiovisual,Prestación de servicios,Hombre,13.838301,40.356945543535296,79 Dia(s),-1.916322281437244,0.3428976304728476,https://community.secop.gov.co/Public/Tendering/OpportunityDetail/Index?noticeUID=CO1.NTC.6262926&isFromPublicArea=True&isModal=true&asPopupView=true,0.3047099709510803
392864,ALCALDIA DISTRITAL BARRANCABERMEJA,PRESTACION DE SERVICIOS PROFESIONALES EN MERCADEO Y PUBLICIDAD PARA BRINDAR APOYO EN LAS ACTIVIDADES ADMINISTRATIVAS Y OPERATIVAS DE CONTROL URBANO DE PUBLICIDAD EXTERIOR Y LAS ESTRATEGÍAS AUDIOVISUALES Y GRÁFICAS QUE SE REQUIERAN EN LA SECRETARIA DE ESPACIO PÚBLICO Y CONTROL URBANO EN EL MARCO DEL,Prestación de servicios,Hombre,9.999999999999998,29.121179669048573,75 Dia(s),-1.9121179669048576,0.34339268235855475,https://community.secop.gov.co/Public/Tendering/OpportunityDetail/Index?noticeUID=CO1.NTC.6877003&isFromPublicArea=True&isModal=true&asPopupView=true,0.3158598244190216
70929,LOTERIA DE BOYCA,ESPACIO PUBLICITARIO EN LA PÁGINA WEB DEL PERIODICO CUARTO PODER; PARA PROMOCIONAR LOS PRODUCTOS Y/O CAMPAÑAS PUBLICITARIAS DE LA LOTERÍA DE BOYACÁ.,Prestación de servicios,No Definido,7.5,21.79224746938795,5 Mes(es),-1.905632995918393,0.3441590873330259,https://community.secop.gov.co/Public/Tendering/OpportunityDetail/Index?noticeUID=CO1.NTC.6000621&isFromPublicArea=True&isModal=true&asPopupView=true,0.37602826952934265
821424,MUNICIPIO DE SANTA ROSA DE CABAL,PRESTACIÓN DE SERVICIOS PROFESIONALES EN MEDIOS AUDIOVISUALES PARA LA REALIZACIÓN; PRODUCCIÓN Y POSTPRODUCCIÓN DE CONTENIDO AUDIOVISUAL DE LA ADMINISTRACIÓN MUNICIPAL DE SANTA ROSA DE CABAL PARA VIDEOS Y CLIPS INFORMATIVOS,Prestación de servicios,Hombre,11.999999999999998,34.31113859868301,4 Mes(es),-1.859261549890251,0.34974065245566066,https://community.secop.gov.co/Public/Tendering/OpportunityDetail/Index?noticeUID=CO1.NTC.6209352&isFromPublicArea=True&isModal=true&asPopupView=true,0.407179594039917
739494,GOBERNACIÓN DE CUNDINAMARCA - SECRETARÍA DE PRENSA Y COMUNICACIONES,PRESTAR SERVICIOS PROFESIONALES A LA SECRETARÍA DE PRENSA Y COMUNICACIONES COMO PRODUCTORA AUDIOVISUAL DE LOS DISTINTOS PROGRAMAS RADIALES DE LA EMISORA INSTITUCIONAL EL DORADO RADIO,Prestación de servicios,Mujer,8.333333,23.793050559411032,50 Dia(s),-1.8551661813359712,0.3502423104255481,https://community.secop.gov.co/Public/Tendering/OpportunityDetail/Index?noticeUID=CO1.NTC.5954198&isFromPublicArea=True&isModal=true&asPopupView=true,0.3439766764640808
490879,LOTERIA DE CUNDINAMARCA,PRESTACIÓN DE SERVICIOS PROFESIONALES EN COMUNICACIÓN CORPORATIVA; PRODUCCIÓN Y REALIZACIÓN AUDIOVISUAL; PARA ASESORÍA EN LA PLANEACIÓN ESTRATÉGICA DE LAS ACTIVIDADES DE LA OFICINA ASESORA DE COMUNICACIONES Y PUBLICIDAD.,Prestación de servicios,Hombre,13.8,39.31231221916524,87 Dia(s),-1.8487182767511043,0.3510350630882589,https://community.secop.gov.co/Public/Tendering/OpportunityDetail/Index?noticeUID=CO1.NTC.6737935&isFromPublicArea=True&isModal=true&asPopupView=true,0.3057187795639038
287321,LOTERIA DE BOYCA,COMPRA DE ESPACIO PUBLICITARIO EN EL PROGRAMA RADIAL NOTICIERO DEL TRANSPORTE QUE SE TRANSMITE A TRAVÉS DE LA CADENA RADIAL VIVA FM STEREO 89.6; PARA PROMOCIONAR LA LOTERÍA DE BOYACÁ Y SUS DIFERENTES SORTEOS AÑO 2024,Prestación de servicios,Hombre,11.999999999999998,33.92539653111161,6 Mes(es),-1.8271163775926345,0.3537173099508294,https://community.secop.gov.co/Public/Tendering/OpportunityDetail/Index?noticeUID=CO1.NTC.6110691&isFromPublicArea=True&isModal=true&asPopupView=true,0.3194563090801239
187128,SECRETARIA GENERAL Y DE CERCANIA AL CIUDADANO,PRESTAR SERVICIOS PROFESIONALES EN EL ÁMBITO DE COMUNICACIÓN SOCIAL; INCLUYENDO EL DESARROLLO DE ESTRATEGIAS Y ACTIVIDADES DE DIVULGACIÓN Y SOCIALIZACIÓN DE INFORMACIÓN; CREACIÓN DE CONTENIDO Y MONITOREO DE MEDIOS Y REDES SOCIALES; CON EL FIN DE FORTALECER LA VISIBILIDAD Y POSICIONAMIENTO DEL SECTO,Prestación de servicios,Mujer,15.0,42.39398852844652,90 Dia(s),-1.8262659018964347,0.3538237500332139,https://community.secop.gov.co/Public/Tendering/OpportunityDetail/Index?noticeUID=CO1.NTC.6735179&isFromPublicArea=True&isModal=true&asPopupView=true,0.3136020302772522
654240,LOTERIA DE CUNDINAMARCA,PRESTACIÓN DE SERVICIOS PROFESIONALES PARA LA CREACIÓN Y SEGUIMIENTO DE ESTRATEGIAS DE COMUNICACIÓN Y PUBLICIDAD Y EL DISEÑO DE PIEZAS GRÁFICAS Y AUDIOVISUALES PARA FORTALECER LA MARCA LOTERÍA DE CUNDINAMARCA,Prestación de servicios,Hombre,12.869999999999997,36.32701179219147,90 Dia(s),-1.8226116388649167,0.3542818240493543,https://community.secop.gov.co/Public/Tendering/OpportunityDetail/Index?noticeUID=CO1.NTC.5504318&isFromPublicArea=True&isModal=true&asPopupView=true,0.3080928921699524
855762,EMPRESAS PÚBLICAS MUNICIPALES DE MALAGA,PRESTACION DE SERVICIOS EN LAS ACTIVIDADES DE: PUBLICIDAD EN GENERAL EN DIFUSION DE PROGRAMAS PUBLICITARIOS; AVISOS COMERCIALES CON FINES DE PUBLICIDAD; INFORMACION; CAPACITACION O SIMILARES EN RADIO,Prestación de servicios,Mujer,7.6,21.429645317402375,10 Mes(es),-1.819690173342418,0.35464889350400336,https://community.secop.gov.co/Public/Tendering/OpportunityDetail/Index?noticeUID=CO1.NTC.5637534&isFromPublicArea=True&isModal=true&asPopupView=true,0.3989529013633728
335558,AGENCIA PARA LA REINCORPORACIÓN Y LA NORMALIZACIÓN,Prestar sus servicios profesionales a la Oficina Asesora de Comunicaciones; apoyando en la redacción y producción de contenidos digitales y periodísticos para la línea de prensa y divulgación,Prestación de servicios,Hombre,17.772753,49.949683364335364,103 Dia(s),-1.81046404934201,0.35581312638890417,https://community.secop.gov.co/Public/Tendering/OpportunityDetail/Index?noticeUID=CO1.NTC.6736764&isFromPublicArea=True&isModal=true&asPopupView=true,0.35358288884162903
841236,MUNICIPIO DE VITERBO,PRESTACION DE SERVICIOS DE PUBLICIDAD; PROPAGANDA Y RADIO DIFUSIÓN DE LAS ACTIVIDADES E INFORMACIÓN INSTITUCIONAL DEL MUNICIPIO DE VITERBO DURANTE EL 2024.,Otro,Hombre,11.999999999999998,33.63105675868962,140 Dia(s),-1.8025880632241351,0.3568130518794783,https://community.secop.gov.co/Public/Tendering/OpportunityDetail/Index?noticeUID=CO1.NTC.6426043&isFromPublicArea=True&isModal=true&asPopupView=true,0.38230636715888977
246639,GOBIERNO DEPARTAMENTAL,PRESTAR POR SUS PROPIOS MEDIOS Y CON PLENA AUTONOMIA PRESTACION DE SERVICIOS DE APOYO A LA GESTION PARA REALIZAR ACOMPAÑAMIENTO A LA DIRECCION DE PRENSA Y COMUNICACIONES EN LA GESTION DE ACTIVIDADES DE PRENSA Y MARKETING DIGITAL DE DIFERENTES CONTENIDOS PERIODISTICOS GENERADOS POR LA GOBERNACION DEL,Prestación de servicios,Hombre,6.799999999999999,19.0343963493274,120 Dia(s),-1.7991759337246183,0.357247998581278,https://community.secop.gov.co/Public/Tendering/OpportunityDetail/Index?noticeUID=CO1.NTC.6620487&isFromPublicArea=True&isModal=true&asPopupView=true,0.31815385818481445
62166,POLITECNICO COLOMBIANO JAIME ISAZA CADAVID,Prestación de servicios profesionales para el apoyo comunicacional actividades de diseño gráfico y marketing digital de las piezas publicitarias necesarias para la difusión de los eventos; convocatorias y noticias de interés y promocionar todo lo referente a los programas de Extensión Académica.,Prestación de servicios,Hombre,8.242999999999999,23.072280601368856,45 Dia(s),-1.7990149947068859,0.35726853978669754,https://community.secop.gov.co/Public/Tendering/OpportunityDetail/Index?noticeUID=CO1.NTC.7066843&isFromPublicArea=True&isModal=true&asPopupView=true,0.35753706097602844
14184,EMPRESA IBAGUEREÑA DE ACUEDUCTO Y ALCANTARILLADO SA ESP OFICIAL IBAL SA ESP OFICIAL,CONTRATAR EL SERVICIO DE PUBLICIDAD EN UN MEDIO DE COMUNICACIÓN DIGITAL PARA LA DIFUSIÓN DE MENSAJES; CAMPAÑAS E INFORMACIÓN INSTITUCIONAL DEL IBAL S.A. E.S.P. OFICIAL; CON GRAN ALCANCE A NIVEL LOCAL EN SUS REDES SOCIALES DE CONFORMIDAD CON EL PLAN DE MEDIOS APROBADO POR LA GERENCIA,Prestación de servicios,Hombre,18.0,50.326240504412944,7 Mes(es),-1.7959022502451636,0.35766629534788397,https://community.secop.gov.co/Public/Tendering/OpportunityDetail/Index?noticeUID=CO1.NTC.6071521&isFromPublicArea=True&isModal=true&asPopupView=true,0.3738587498664856
708118,CAMARA DE REPRESENTANTES,PRESTACION DE SERVICIOS PROFESIONALES A LA OFICINA DE INFORMACION Y PRENSA PARA LLEVAR A CABO ACTIVIDADES DE INVESTIGACIÓN Y REDACCIÓN DE CONTENIDOS PARA LOS PRODUCTOS AUDIOVISUALES Y PERIODISTICOS DE LA CÁMARA DE REPRESENTANTES,Prestación de servicios,No Definido,10.500000000000002,29.31296048301751,63 Dia(s),-1.791710522192143,0.35820332804948807,https://community.secop.gov.co/Public/Tendering/OpportunityDetail/Index?noticeUID=CO1.NTC.5747771&isFromPublicArea=True&isModal=true&asPopupView=true,0.31035739183425903
724933,ALCALDÍA DE POPAYÁN,"PRESTAR SERVICIOS PROFESIONALES ESPECIALIZADOS PARA APOYAR LA DIVULGACIÓN DE
PROGRAMAS SOCIALES EN EL MARCO DE LA ESTRATEGIA DE PRENSA Y COMUNICACIONES.",Prestación de servicios,Mujer,14.8,41.26770128439124,89 Dia(s),-1.7883581948912997,0.35863398104022415,https://community.secop.gov.co/Public/Tendering/OpportunityDetail/Index?noticeUID=CO1.NTC.5841517&isFromPublicArea=True&isModal=true&asPopupView=true,0.30519670248031616
739831,MUNICIPIO DE PEREIRA- OFICIAL,PRESTACIÓN DE SERVICIOS PROFESIONALES COMO LICENCIADA EN COMUNICACIÓN PARA DEFINIR ESTRETEGIAS COMUNICACIONALES RESPECTO AL PROCESAMIENTO DE INFORMACION PARA LA GENERACION DE CONTENIDOS AUDIOVISUALES A EMITIR A TRAVES DE LAS DIFERENTES REDES SOCIALES DE LA ADMINISTRACIÓN MUNICIPAL,Prestación de servicios,Mujer,10.799999999999999,29.987099323734924,90 Dia(s),-1.776583270716197,0.36015487471479946,https://community.secop.gov.co/Public/Tendering/OpportunityDetail/Index?noticeUID=CO1.NTC.6778873&isFromPublicArea=True&isModal=true&asPopupView=true,0.3372257947921753
433081,EMPRESA DE SERVICIOS PUBLICOS DE HERVEO S.A.E.S.P EMPOHERVEO S.A.E.S.P,PRESTACIÓN DE SERVICIOS  COMO COORDINADOR DE PRENSA Y MEDIOS DIGITALES; CON EL FIN DE HACER VISIBLES A TRAVÉS DE ESTRATEGIAS AUDIOVISUALES DIGITALES Y COMUNICATIVAS; LA TOTALIDAD DE LOS PROCESOS ADMINISTRATIVOS Y DE GESTION POR PARTE DE LA EMPRESA DE SERVICIOS PUBLICOS DE HERVEO  EMPOHERVEO.   CONTR,Prestación de servicios,Mujer,8.799999999999999,24.295986272062404,4 Mes(es),-1.7609075309161826,0.3621997436720233,https://community.secop.gov.co/Public/Tendering/OpportunityDetail/Index?noticeUID=CO1.NTC.6652038&isFromPublicArea=True&isModal=true&asPopupView=true,0.31505152583122253
61958,EMPRESA INDUSTRIAL Y COMERCIAL DEL ESTADO ADMINISTRADORA DEL MONOPOLIO RENTISTICO DE LOS JUEGOS DE SUERTE Y AZAR,Prestar servicios profesionales para el desarrollo gráfico para la divulgación y difusión de campañas comunicativas que promocionen la estrategia de comunicaciones de Coljuegos y promover el juego legal,Decreto 092 de 2017,No Definido,41.976000000000006,115.61415860698146,198 Dia(s),-1.754291943181376,0.36306971832656876,https://community.secop.gov.co/Public/Tendering/OpportunityDetail/Index?noticeUID=CO1.NTC.5641794&isFromPublicArea=True&isModal=true&asPopupView=true,0.3140329122543335
640127,TRANSMILENIO S.A.,SAUCC186 Contratar la prestación de servicios profesionales para la edición audiovisuales de contenidos digitales en diferentes formatos para las redes sociales y página web de TRANSMILENIO S.A.,Prestación de servicios,No Definido,11.805499999999999,32.398664715030186,105 Dia(s),-1.7443703964279522,0.36438230105586,https://community.secop.gov.co/Public/Tendering/OpportunityDetail/Index?noticeUID=CO1.NTC.7212014&isFromPublicArea=True&isModal=true&asPopupView=true,0.3206365704536438
200821,LA GUAJIRA - ALCALDÍA MUNICIPIO DE MAICAO,PRESTACIÓN DE SERVICIOS PROFESIONALES PARA LA ARTICULACIÓN Y MEDIACIÓN CON LA FUERZA PÚBLICA PARA LA REALIZACIÓN DE ACCIONES DE SEGURIDAD; ORDEN PÚBLICO Y CONVIVENCIA CIUDADANA.,Prestación de servicios,Hombre,11.999999999999998,32.92774106574566,72 Dia(s),-1.7439784221454717,0.36443435266452145,https://community.secop.gov.co/Public/Tendering/OpportunityDetail/Index?noticeUID=CO1.NTC.6909263&isFromPublicArea=True&isModal=true&asPopupView=true,0.31114473938941956
773575,RNEC,Prestación de servicios para la publicación de artículo en la revista Semana; contenido digital y distribución en las redes sociales y en https://www.semana.com de la audiencia de rendición de cuentas correspondiente a la vigencia 2024 de la Registraduría Nacional del Estado Civil; de conformidad co,Prestación de servicios,Mujer,16.659999999999997,45.631470310946575,9 Dia(s),-1.7389838121816676,0.3650989084172336,https://community.secop.gov.co/Public/Tendering/OpportunityDetail/Index?noticeUID=CO1.NTC.7230677&isFromPublicArea=True&isModal=true&asPopupView=true,0.31987348198890686
644483,LOTERIA DE BOYCA,ESPACIO PUBLICITARIO EN LA PAGINA WEB WWW.RADIO.VOZMINERA.COM; PARA PROMOCIONAR LOS PRODUCTOS Y/O CAMPAÑAS PUBLICITARIAS,Prestación de servicios,Hombre,7.5,20.51989813165583,5 Mes(es),-1.7359864175541104,0.36549889048571005,https://community.secop.gov.co/Public/Tendering/OpportunityDetail/Index?noticeUID=CO1.NTC.6090683&isFromPublicArea=True&isModal=true&asPopupView=true,0.38500216603279114
565453,GOBERNACIÓN DE RISARALDA,PRESTACIÓN DE SERVICIOS PROFESIONALES COMO COMUNICADOR SOCIAL- PERIODISTA PARA REALIZAR CONTENIDOS PERIODISTICOS; ENTREVISTAS; REPORTAJES RADIALES Y LOCUTANDO PARA LA EMISORA INSTITUCIONAL.,Prestación de servicios,No Definido,8.038848,21.984534760273924,67 Dia(s),-1.7347867207184318,0.3656592276187807,https://community.secop.gov.co/Public/Tendering/OpportunityDetail/Index?noticeUID=CO1.NTC.6879344&isFromPublicArea=True&isModal=true&asPopupView=true,0.341947466135025
